sample_id,episode,source,event_id,start_frame,end_frame,entity,image,human_before,human_after,notes
dishwasher_2_fx_20260529_episode_26__base_00001,dishwasher_2_fx_20260529_episode_26,base,1,95,185,robot_location,images/dishwasher_2_fx_20260529_episode_26__base_00001.jpg,,,
dishwasher_2_fx_20260529_episode_26__base_00001,dishwasher_2_fx_20260529_episode_26,base,1,95,185,door,images/dishwasher_2_fx_20260529_episode_26__base_00001.jpg,,,
dishwasher_2_fx_20260529_episode_26__base_00001,dishwasher_2_fx_20260529_episode_26,base,1,95,185,dish_rack,images/dishwasher_2_fx_20260529_episode_26__base_00001.jpg,,,
dishwasher_2_fx_20260529_episode_26__base_00001,dishwasher_2_fx_20260529_episode_26,base,1,95,185,cutlery_basket,images/dishwasher_2_fx_20260529_episode_26__base_00001.jpg,,,
dishwasher_2_fx_20260529_episode_26__base_00001,dishwasher_2_fx_20260529_episode_26,base,1,95,185,right_hand,images/dishwasher_2_fx_20260529_episode_26__base_00001.jpg,,,
dishwasher_2_fx_20260529_episode_26__base_00001,dishwasher_2_fx_20260529_episode_26,base,1,95,185,left_hand,images/dishwasher_2_fx_20260529_episode_26__base_00001.jpg,,,
dishwasher_2_fx_20260529_episode_26__base_00001,dishwasher_2_fx_20260529_episode_26,base,1,95,185,knife_location,images/dishwasher_2_fx_20260529_episode_26__base_00001.jpg,,,
dishwasher_2_fx_20260529_episode_26__base_00001,dishwasher_2_fx_20260529_episode_26,base,1,95,185,fork_location,images/dishwasher_2_fx_20260529_episode_26__base_00001.jpg,,,
dishwasher_2_fx_20260529_episode_26__base_00001,dishwasher_2_fx_20260529_episode_26,base,1,95,185,plate_location,images/dishwasher_2_fx_20260529_episode_26__base_00001.jpg,,,
dishwasher_2_fx_20260529_episode_26__base_00003,dishwasher_2_fx_20260529_episode_26,base,3,179,269,robot_location,images/dishwasher_2_fx_20260529_episode_26__base_00003.jpg,,,
dishwasher_2_fx_20260529_episode_26__base_00003,dishwasher_2_fx_20260529_episode_26,base,3,179,269,door,images/dishwasher_2_fx_20260529_episode_26__base_00003.jpg,,,
dishwasher_2_fx_20260529_episode_26__base_00003,dishwasher_2_fx_20260529_episode_26,base,3,179,269,dish_rack,images/dishwasher_2_fx_20260529_episode_26__base_00003.jpg,,,
dishwasher_2_fx_20260529_episode_26__base_00003,dishwasher_2_fx_20260529_episode_26,base,3,179,269,cutlery_basket,images/dishwasher_2_fx_20260529_episode_26__base_00003.jpg,,,
dishwasher_2_fx_20260529_episode_26__base_00003,dishwasher_2_fx_20260529_episode_26,base,3,179,269,right_hand,images/dishwasher_2_fx_20260529_episode_26__base_00003.jpg,,,
dishwasher_2_fx_20260529_episode_26__base_00003,dishwasher_2_fx_20260529_episode_26,base,3,179,269,left_hand,images/dishwasher_2_fx_20260529_episode_26__base_00003.jpg,,,
dishwasher_2_fx_20260529_episode_26__base_00003,dishwasher_2_fx_20260529_episode_26,base,3,179,269,knife_location,images/dishwasher_2_fx_20260529_episode_26__base_00003.jpg,,,
dishwasher_2_fx_20260529_episode_26__base_00003,dishwasher_2_fx_20260529_episode_26,base,3,179,269,fork_location,images/dishwasher_2_fx_20260529_episode_26__base_00003.jpg,,,
dishwasher_2_fx_20260529_episode_26__base_00003,dishwasher_2_fx_20260529_episode_26,base,3,179,269,plate_location,images/dishwasher_2_fx_20260529_episode_26__base_00003.jpg,,,
dishwasher_2_fx_20260529_episode_26__base_00006,dishwasher_2_fx_20260529_episode_26,base,6,304,394,robot_location,images/dishwasher_2_fx_20260529_episode_26__base_00006.jpg,,,
dishwasher_2_fx_20260529_episode_26__base_00006,dishwasher_2_fx_20260529_episode_26,base,6,304,394,door,images/dishwasher_2_fx_20260529_episode_26__base_00006.jpg,,,
dishwasher_2_fx_20260529_episode_26__base_00006,dishwasher_2_fx_20260529_episode_26,base,6,304,394,dish_rack,images/dishwasher_2_fx_20260529_episode_26__base_00006.jpg,,,
dishwasher_2_fx_20260529_episode_26__base_00006,dishwasher_2_fx_20260529_episode_26,base,6,304,394,cutlery_basket,images/dishwasher_2_fx_20260529_episode_26__base_00006.jpg,,,
dishwasher_2_fx_20260529_episode_26__base_00006,dishwasher_2_fx_20260529_episode_26,base,6,304,394,right_hand,images/dishwasher_2_fx_20260529_episode_26__base_00006.jpg,,,
dishwasher_2_fx_20260529_episode_26__base_00006,dishwasher_2_fx_20260529_episode_26,base,6,304,394,left_hand,images/dishwasher_2_fx_20260529_episode_26__base_00006.jpg,,,
dishwasher_2_fx_20260529_episode_26__base_00006,dishwasher_2_fx_20260529_episode_26,base,6,304,394,knife_location,images/dishwasher_2_fx_20260529_episode_26__base_00006.jpg,,,
dishwasher_2_fx_20260529_episode_26__base_00006,dishwasher_2_fx_20260529_episode_26,base,6,304,394,fork_location,images/dishwasher_2_fx_20260529_episode_26__base_00006.jpg,,,
dishwasher_2_fx_20260529_episode_26__base_00006,dishwasher_2_fx_20260529_episode_26,base,6,304,394,plate_location,images/dishwasher_2_fx_20260529_episode_26__base_00006.jpg,,,
dishwasher_2_fx_20260529_episode_26__base_00007,dishwasher_2_fx_20260529_episode_26,base,7,372,462,robot_location,images/dishwasher_2_fx_20260529_episode_26__base_00007.jpg,,,
dishwasher_2_fx_20260529_episode_26__base_00007,dishwasher_2_fx_20260529_episode_26,base,7,372,462,door,images/dishwasher_2_fx_20260529_episode_26__base_00007.jpg,,,
dishwasher_2_fx_20260529_episode_26__base_00007,dishwasher_2_fx_20260529_episode_26,base,7,372,462,dish_rack,images/dishwasher_2_fx_20260529_episode_26__base_00007.jpg,,,
dishwasher_2_fx_20260529_episode_26__base_00007,dishwasher_2_fx_20260529_episode_26,base,7,372,462,cutlery_basket,images/dishwasher_2_fx_20260529_episode_26__base_00007.jpg,,,
dishwasher_2_fx_20260529_episode_26__base_00007,dishwasher_2_fx_20260529_episode_26,base,7,372,462,right_hand,images/dishwasher_2_fx_20260529_episode_26__base_00007.jpg,,,
dishwasher_2_fx_20260529_episode_26__base_00007,dishwasher_2_fx_20260529_episode_26,base,7,372,462,left_hand,images/dishwasher_2_fx_20260529_episode_26__base_00007.jpg,,,
dishwasher_2_fx_20260529_episode_26__base_00007,dishwasher_2_fx_20260529_episode_26,base,7,372,462,knife_location,images/dishwasher_2_fx_20260529_episode_26__base_00007.jpg,,,
dishwasher_2_fx_20260529_episode_26__base_00007,dishwasher_2_fx_20260529_episode_26,base,7,372,462,fork_location,images/dishwasher_2_fx_20260529_episode_26__base_00007.jpg,,,
dishwasher_2_fx_20260529_episode_26__base_00007,dishwasher_2_fx_20260529_episode_26,base,7,372,462,plate_location,images/dishwasher_2_fx_20260529_episode_26__base_00007.jpg,,,
dishwasher_2_fx_20260529_episode_26__base_00011,dishwasher_2_fx_20260529_episode_26,base,11,805,895,robot_location,images/dishwasher_2_fx_20260529_episode_26__base_00011.jpg,,,
dishwasher_2_fx_20260529_episode_26__base_00011,dishwasher_2_fx_20260529_episode_26,base,11,805,895,door,images/dishwasher_2_fx_20260529_episode_26__base_00011.jpg,,,
dishwasher_2_fx_20260529_episode_26__base_00011,dishwasher_2_fx_20260529_episode_26,base,11,805,895,dish_rack,images/dishwasher_2_fx_20260529_episode_26__base_00011.jpg,,,
dishwasher_2_fx_20260529_episode_26__base_00011,dishwasher_2_fx_20260529_episode_26,base,11,805,895,cutlery_basket,images/dishwasher_2_fx_20260529_episode_26__base_00011.jpg,,,
dishwasher_2_fx_20260529_episode_26__base_00011,dishwasher_2_fx_20260529_episode_26,base,11,805,895,right_hand,images/dishwasher_2_fx_20260529_episode_26__base_00011.jpg,,,
dishwasher_2_fx_20260529_episode_26__base_00011,dishwasher_2_fx_20260529_episode_26,base,11,805,895,left_hand,images/dishwasher_2_fx_20260529_episode_26__base_00011.jpg,,,
dishwasher_2_fx_20260529_episode_26__base_00011,dishwasher_2_fx_20260529_episode_26,base,11,805,895,knife_location,images/dishwasher_2_fx_20260529_episode_26__base_00011.jpg,,,
dishwasher_2_fx_20260529_episode_26__base_00011,dishwasher_2_fx_20260529_episode_26,base,11,805,895,fork_location,images/dishwasher_2_fx_20260529_episode_26__base_00011.jpg,,,
dishwasher_2_fx_20260529_episode_26__base_00011,dishwasher_2_fx_20260529_episode_26,base,11,805,895,plate_location,images/dishwasher_2_fx_20260529_episode_26__base_00011.jpg,,,
dishwasher_2_fx_20260529_episode_26__base_00012,dishwasher_2_fx_20260529_episode_26,base,12,898,988,robot_location,images/dishwasher_2_fx_20260529_episode_26__base_00012.jpg,,,
dishwasher_2_fx_20260529_episode_26__base_00012,dishwasher_2_fx_20260529_episode_26,base,12,898,988,door,images/dishwasher_2_fx_20260529_episode_26__base_00012.jpg,,,
dishwasher_2_fx_20260529_episode_26__base_00012,dishwasher_2_fx_20260529_episode_26,base,12,898,988,dish_rack,images/dishwasher_2_fx_20260529_episode_26__base_00012.jpg,,,
dishwasher_2_fx_20260529_episode_26__base_00012,dishwasher_2_fx_20260529_episode_26,base,12,898,988,cutlery_basket,images/dishwasher_2_fx_20260529_episode_26__base_00012.jpg,,,
dishwasher_2_fx_20260529_episode_26__base_00012,dishwasher_2_fx_20260529_episode_26,base,12,898,988,right_hand,images/dishwasher_2_fx_20260529_episode_26__base_00012.jpg,,,
dishwasher_2_fx_20260529_episode_26__base_00012,dishwasher_2_fx_20260529_episode_26,base,12,898,988,left_hand,images/dishwasher_2_fx_20260529_episode_26__base_00012.jpg,,,
dishwasher_2_fx_20260529_episode_26__base_00012,dishwasher_2_fx_20260529_episode_26,base,12,898,988,knife_location,images/dishwasher_2_fx_20260529_episode_26__base_00012.jpg,,,
dishwasher_2_fx_20260529_episode_26__base_00012,dishwasher_2_fx_20260529_episode_26,base,12,898,988,fork_location,images/dishwasher_2_fx_20260529_episode_26__base_00012.jpg,,,
dishwasher_2_fx_20260529_episode_26__base_00012,dishwasher_2_fx_20260529_episode_26,base,12,898,988,plate_location,images/dishwasher_2_fx_20260529_episode_26__base_00012.jpg,,,
dishwasher_2_fx_20260529_episode_26__base_00015,dishwasher_2_fx_20260529_episode_26,base,15,1136,1226,robot_location,images/dishwasher_2_fx_20260529_episode_26__base_00015.jpg,,,
dishwasher_2_fx_20260529_episode_26__base_00015,dishwasher_2_fx_20260529_episode_26,base,15,1136,1226,door,images/dishwasher_2_fx_20260529_episode_26__base_00015.jpg,,,
dishwasher_2_fx_20260529_episode_26__base_00015,dishwasher_2_fx_20260529_episode_26,base,15,1136,1226,dish_rack,images/dishwasher_2_fx_20260529_episode_26__base_00015.jpg,,,
dishwasher_2_fx_20260529_episode_26__base_00015,dishwasher_2_fx_20260529_episode_26,base,15,1136,1226,cutlery_basket,images/dishwasher_2_fx_20260529_episode_26__base_00015.jpg,,,
dishwasher_2_fx_20260529_episode_26__base_00015,dishwasher_2_fx_20260529_episode_26,base,15,1136,1226,right_hand,images/dishwasher_2_fx_20260529_episode_26__base_00015.jpg,,,
dishwasher_2_fx_20260529_episode_26__base_00015,dishwasher_2_fx_20260529_episode_26,base,15,1136,1226,left_hand,images/dishwasher_2_fx_20260529_episode_26__base_00015.jpg,,,
dishwasher_2_fx_20260529_episode_26__base_00015,dishwasher_2_fx_20260529_episode_26,base,15,1136,1226,knife_location,images/dishwasher_2_fx_20260529_episode_26__base_00015.jpg,,,
dishwasher_2_fx_20260529_episode_26__base_00015,dishwasher_2_fx_20260529_episode_26,base,15,1136,1226,fork_location,images/dishwasher_2_fx_20260529_episode_26__base_00015.jpg,,,
dishwasher_2_fx_20260529_episode_26__base_00015,dishwasher_2_fx_20260529_episode_26,base,15,1136,1226,plate_location,images/dishwasher_2_fx_20260529_episode_26__base_00015.jpg,,,
dishwasher_2_fx_20260529_episode_26__base_00018,dishwasher_2_fx_20260529_episode_26,base,18,1410,1500,robot_location,images/dishwasher_2_fx_20260529_episode_26__base_00018.jpg,,,
dishwasher_2_fx_20260529_episode_26__base_00018,dishwasher_2_fx_20260529_episode_26,base,18,1410,1500,door,images/dishwasher_2_fx_20260529_episode_26__base_00018.jpg,,,
dishwasher_2_fx_20260529_episode_26__base_00018,dishwasher_2_fx_20260529_episode_26,base,18,1410,1500,dish_rack,images/dishwasher_2_fx_20260529_episode_26__base_00018.jpg,,,
dishwasher_2_fx_20260529_episode_26__base_00018,dishwasher_2_fx_20260529_episode_26,base,18,1410,1500,cutlery_basket,images/dishwasher_2_fx_20260529_episode_26__base_00018.jpg,,,
dishwasher_2_fx_20260529_episode_26__base_00018,dishwasher_2_fx_20260529_episode_26,base,18,1410,1500,right_hand,images/dishwasher_2_fx_20260529_episode_26__base_00018.jpg,,,
dishwasher_2_fx_20260529_episode_26__base_00018,dishwasher_2_fx_20260529_episode_26,base,18,1410,1500,left_hand,images/dishwasher_2_fx_20260529_episode_26__base_00018.jpg,,,
dishwasher_2_fx_20260529_episode_26__base_00018,dishwasher_2_fx_20260529_episode_26,base,18,1410,1500,knife_location,images/dishwasher_2_fx_20260529_episode_26__base_00018.jpg,,,
dishwasher_2_fx_20260529_episode_26__base_00018,dishwasher_2_fx_20260529_episode_26,base,18,1410,1500,fork_location,images/dishwasher_2_fx_20260529_episode_26__base_00018.jpg,,,
dishwasher_2_fx_20260529_episode_26__base_00018,dishwasher_2_fx_20260529_episode_26,base,18,1410,1500,plate_location,images/dishwasher_2_fx_20260529_episode_26__base_00018.jpg,,,
dishwasher_2_fx_20260529_episode_26__base_00020,dishwasher_2_fx_20260529_episode_26,base,20,1522,1612,robot_location,images/dishwasher_2_fx_20260529_episode_26__base_00020.jpg,,,
dishwasher_2_fx_20260529_episode_26__base_00020,dishwasher_2_fx_20260529_episode_26,base,20,1522,1612,door,images/dishwasher_2_fx_20260529_episode_26__base_00020.jpg,,,
dishwasher_2_fx_20260529_episode_26__base_00020,dishwasher_2_fx_20260529_episode_26,base,20,1522,1612,dish_rack,images/dishwasher_2_fx_20260529_episode_26__base_00020.jpg,,,
dishwasher_2_fx_20260529_episode_26__base_00020,dishwasher_2_fx_20260529_episode_26,base,20,1522,1612,cutlery_basket,images/dishwasher_2_fx_20260529_episode_26__base_00020.jpg,,,
dishwasher_2_fx_20260529_episode_26__base_00020,dishwasher_2_fx_20260529_episode_26,base,20,1522,1612,right_hand,images/dishwasher_2_fx_20260529_episode_26__base_00020.jpg,,,
dishwasher_2_fx_20260529_episode_26__base_00020,dishwasher_2_fx_20260529_episode_26,base,20,1522,1612,left_hand,images/dishwasher_2_fx_20260529_episode_26__base_00020.jpg,,,
dishwasher_2_fx_20260529_episode_26__base_00020,dishwasher_2_fx_20260529_episode_26,base,20,1522,1612,knife_location,images/dishwasher_2_fx_20260529_episode_26__base_00020.jpg,,,
dishwasher_2_fx_20260529_episode_26__base_00020,dishwasher_2_fx_20260529_episode_26,base,20,1522,1612,fork_location,images/dishwasher_2_fx_20260529_episode_26__base_00020.jpg,,,
dishwasher_2_fx_20260529_episode_26__base_00020,dishwasher_2_fx_20260529_episode_26,base,20,1522,1612,plate_location,images/dishwasher_2_fx_20260529_episode_26__base_00020.jpg,,,
dishwasher_2_fx_20260529_episode_26__base_00023,dishwasher_2_fx_20260529_episode_26,base,23,1661,1751,robot_location,images/dishwasher_2_fx_20260529_episode_26__base_00023.jpg,,,
dishwasher_2_fx_20260529_episode_26__base_00023,dishwasher_2_fx_20260529_episode_26,base,23,1661,1751,door,images/dishwasher_2_fx_20260529_episode_26__base_00023.jpg,,,
dishwasher_2_fx_20260529_episode_26__base_00023,dishwasher_2_fx_20260529_episode_26,base,23,1661,1751,dish_rack,images/dishwasher_2_fx_20260529_episode_26__base_00023.jpg,,,
dishwasher_2_fx_20260529_episode_26__base_00023,dishwasher_2_fx_20260529_episode_26,base,23,1661,1751,cutlery_basket,images/dishwasher_2_fx_20260529_episode_26__base_00023.jpg,,,
dishwasher_2_fx_20260529_episode_26__base_00023,dishwasher_2_fx_20260529_episode_26,base,23,1661,1751,right_hand,images/dishwasher_2_fx_20260529_episode_26__base_00023.jpg,,,
dishwasher_2_fx_20260529_episode_26__base_00023,dishwasher_2_fx_20260529_episode_26,base,23,1661,1751,left_hand,images/dishwasher_2_fx_20260529_episode_26__base_00023.jpg,,,
dishwasher_2_fx_20260529_episode_26__base_00023,dishwasher_2_fx_20260529_episode_26,base,23,1661,1751,knife_location,images/dishwasher_2_fx_20260529_episode_26__base_00023.jpg,,,
dishwasher_2_fx_20260529_episode_26__base_00023,dishwasher_2_fx_20260529_episode_26,base,23,1661,1751,fork_location,images/dishwasher_2_fx_20260529_episode_26__base_00023.jpg,,,
dishwasher_2_fx_20260529_episode_26__base_00023,dishwasher_2_fx_20260529_episode_26,base,23,1661,1751,plate_location,images/dishwasher_2_fx_20260529_episode_26__base_00023.jpg,,,
dishwasher_2_fx_20260529_episode_26__targeted_20000,dishwasher_2_fx_20260529_episode_26,targeted,20000,128,220,door,images/dishwasher_2_fx_20260529_episode_26__targeted_20000.jpg,,,
dishwasher_2_fx_20260529_episode_26__targeted_20000,dishwasher_2_fx_20260529_episode_26,targeted,20000,128,220,right_hand,images/dishwasher_2_fx_20260529_episode_26__targeted_20000.jpg,,,
dishwasher_2_fx_20260529_episode_26__targeted_20000,dishwasher_2_fx_20260529_episode_26,targeted,20000,128,220,left_hand,images/dishwasher_2_fx_20260529_episode_26__targeted_20000.jpg,,,
dishwasher_2_fx_20260529_episode_26__targeted_20001,dishwasher_2_fx_20260529_episode_26,targeted,20001,183,317,door,images/dishwasher_2_fx_20260529_episode_26__targeted_20001.jpg,,,
dishwasher_2_fx_20260529_episode_26__targeted_20001,dishwasher_2_fx_20260529_episode_26,targeted,20001,183,317,right_hand,images/dishwasher_2_fx_20260529_episode_26__targeted_20001.jpg,,,
dishwasher_2_fx_20260529_episode_26__targeted_20001,dishwasher_2_fx_20260529_episode_26,targeted,20001,183,317,left_hand,images/dishwasher_2_fx_20260529_episode_26__targeted_20001.jpg,,,
dishwasher_2_fx_20260529_episode_26__targeted_20002,dishwasher_2_fx_20260529_episode_26,targeted,20002,535,669,cutlery_basket,images/dishwasher_2_fx_20260529_episode_26__targeted_20002.jpg,,,
dishwasher_2_fx_20260529_episode_26__targeted_20002,dishwasher_2_fx_20260529_episode_26,targeted,20002,535,669,right_hand,images/dishwasher_2_fx_20260529_episode_26__targeted_20002.jpg,,,
dishwasher_2_fx_20260529_episode_26__targeted_20002,dishwasher_2_fx_20260529_episode_26,targeted,20002,535,669,left_hand,images/dishwasher_2_fx_20260529_episode_26__targeted_20002.jpg,,,
dishwasher_2_fx_20260529_episode_26__targeted_20003,dishwasher_2_fx_20260529_episode_26,targeted,20003,669,777,knife_location,images/dishwasher_2_fx_20260529_episode_26__targeted_20003.jpg,,,
dishwasher_2_fx_20260529_episode_26__targeted_20003,dishwasher_2_fx_20260529_episode_26,targeted,20003,669,777,right_hand,images/dishwasher_2_fx_20260529_episode_26__targeted_20003.jpg,,,
dishwasher_2_fx_20260529_episode_26__targeted_20003,dishwasher_2_fx_20260529_episode_26,targeted,20003,669,777,left_hand,images/dishwasher_2_fx_20260529_episode_26__targeted_20003.jpg,,,
dishwasher_2_fx_20260529_episode_26__targeted_20004,dishwasher_2_fx_20260529_episode_26,targeted,20004,724,858,dish_rack,images/dishwasher_2_fx_20260529_episode_26__targeted_20004.jpg,,,
dishwasher_2_fx_20260529_episode_26__targeted_20004,dishwasher_2_fx_20260529_episode_26,targeted,20004,724,858,right_hand,images/dishwasher_2_fx_20260529_episode_26__targeted_20004.jpg,,,
dishwasher_2_fx_20260529_episode_26__targeted_20004,dishwasher_2_fx_20260529_episode_26,targeted,20004,724,858,left_hand,images/dishwasher_2_fx_20260529_episode_26__targeted_20004.jpg,,,
dishwasher_2_fx_20260529_episode_26__targeted_20005,dishwasher_2_fx_20260529_episode_26,targeted,20005,897,1143,cutlery_basket,images/dishwasher_2_fx_20260529_episode_26__targeted_20005.jpg,,,
dishwasher_2_fx_20260529_episode_26__targeted_20005,dishwasher_2_fx_20260529_episode_26,targeted,20005,897,1143,right_hand,images/dishwasher_2_fx_20260529_episode_26__targeted_20005.jpg,,,
dishwasher_2_fx_20260529_episode_26__targeted_20005,dishwasher_2_fx_20260529_episode_26,targeted,20005,897,1143,left_hand,images/dishwasher_2_fx_20260529_episode_26__targeted_20005.jpg,,,
dishwasher_2_fx_20260529_episode_26__targeted_20006,dishwasher_2_fx_20260529_episode_26,targeted,20006,1432,1549,dish_rack,images/dishwasher_2_fx_20260529_episode_26__targeted_20006.jpg,,,
dishwasher_2_fx_20260529_episode_26__targeted_20006,dishwasher_2_fx_20260529_episode_26,targeted,20006,1432,1549,right_hand,images/dishwasher_2_fx_20260529_episode_26__targeted_20006.jpg,,,
dishwasher_2_fx_20260529_episode_26__targeted_20006,dishwasher_2_fx_20260529_episode_26,targeted,20006,1432,1549,left_hand,images/dishwasher_2_fx_20260529_episode_26__targeted_20006.jpg,,,
dishwasher_2_fx_20260529_episode_26__targeted_20007,dishwasher_2_fx_20260529_episode_26,targeted,20007,1644,1769,dish_rack,images/dishwasher_2_fx_20260529_episode_26__targeted_20007.jpg,,,
dishwasher_2_fx_20260529_episode_26__targeted_20007,dishwasher_2_fx_20260529_episode_26,targeted,20007,1644,1769,right_hand,images/dishwasher_2_fx_20260529_episode_26__targeted_20007.jpg,,,
dishwasher_2_fx_20260529_episode_26__targeted_20007,dishwasher_2_fx_20260529_episode_26,targeted,20007,1644,1769,left_hand,images/dishwasher_2_fx_20260529_episode_26__targeted_20007.jpg,,,
dishwasher_2_fx_20260529_episode_27__base_00000,dishwasher_2_fx_20260529_episode_27,base,0,26,116,robot_location,images/dishwasher_2_fx_20260529_episode_27__base_00000.jpg,,,
dishwasher_2_fx_20260529_episode_27__base_00000,dishwasher_2_fx_20260529_episode_27,base,0,26,116,door,images/dishwasher_2_fx_20260529_episode_27__base_00000.jpg,,,
dishwasher_2_fx_20260529_episode_27__base_00000,dishwasher_2_fx_20260529_episode_27,base,0,26,116,dish_rack,images/dishwasher_2_fx_20260529_episode_27__base_00000.jpg,,,
dishwasher_2_fx_20260529_episode_27__base_00000,dishwasher_2_fx_20260529_episode_27,base,0,26,116,cutlery_basket,images/dishwasher_2_fx_20260529_episode_27__base_00000.jpg,,,
dishwasher_2_fx_20260529_episode_27__base_00000,dishwasher_2_fx_20260529_episode_27,base,0,26,116,right_hand,images/dishwasher_2_fx_20260529_episode_27__base_00000.jpg,,,
dishwasher_2_fx_20260529_episode_27__base_00000,dishwasher_2_fx_20260529_episode_27,base,0,26,116,left_hand,images/dishwasher_2_fx_20260529_episode_27__base_00000.jpg,,,
dishwasher_2_fx_20260529_episode_27__base_00000,dishwasher_2_fx_20260529_episode_27,base,0,26,116,knife_location,images/dishwasher_2_fx_20260529_episode_27__base_00000.jpg,,,
dishwasher_2_fx_20260529_episode_27__base_00000,dishwasher_2_fx_20260529_episode_27,base,0,26,116,fork_location,images/dishwasher_2_fx_20260529_episode_27__base_00000.jpg,,,
dishwasher_2_fx_20260529_episode_27__base_00000,dishwasher_2_fx_20260529_episode_27,base,0,26,116,plate_location,images/dishwasher_2_fx_20260529_episode_27__base_00000.jpg,,,
dishwasher_2_fx_20260529_episode_27__base_00004,dishwasher_2_fx_20260529_episode_27,base,4,199,289,robot_location,images/dishwasher_2_fx_20260529_episode_27__base_00004.jpg,,,
dishwasher_2_fx_20260529_episode_27__base_00004,dishwasher_2_fx_20260529_episode_27,base,4,199,289,door,images/dishwasher_2_fx_20260529_episode_27__base_00004.jpg,,,
dishwasher_2_fx_20260529_episode_27__base_00004,dishwasher_2_fx_20260529_episode_27,base,4,199,289,dish_rack,images/dishwasher_2_fx_20260529_episode_27__base_00004.jpg,,,
dishwasher_2_fx_20260529_episode_27__base_00004,dishwasher_2_fx_20260529_episode_27,base,4,199,289,cutlery_basket,images/dishwasher_2_fx_20260529_episode_27__base_00004.jpg,,,
dishwasher_2_fx_20260529_episode_27__base_00004,dishwasher_2_fx_20260529_episode_27,base,4,199,289,right_hand,images/dishwasher_2_fx_20260529_episode_27__base_00004.jpg,,,
dishwasher_2_fx_20260529_episode_27__base_00004,dishwasher_2_fx_20260529_episode_27,base,4,199,289,left_hand,images/dishwasher_2_fx_20260529_episode_27__base_00004.jpg,,,
dishwasher_2_fx_20260529_episode_27__base_00004,dishwasher_2_fx_20260529_episode_27,base,4,199,289,knife_location,images/dishwasher_2_fx_20260529_episode_27__base_00004.jpg,,,
dishwasher_2_fx_20260529_episode_27__base_00004,dishwasher_2_fx_20260529_episode_27,base,4,199,289,fork_location,images/dishwasher_2_fx_20260529_episode_27__base_00004.jpg,,,
dishwasher_2_fx_20260529_episode_27__base_00004,dishwasher_2_fx_20260529_episode_27,base,4,199,289,plate_location,images/dishwasher_2_fx_20260529_episode_27__base_00004.jpg,,,
dishwasher_2_fx_20260529_episode_27__base_00005,dishwasher_2_fx_20260529_episode_27,base,5,216,306,robot_location,images/dishwasher_2_fx_20260529_episode_27__base_00005.jpg,,,
dishwasher_2_fx_20260529_episode_27__base_00005,dishwasher_2_fx_20260529_episode_27,base,5,216,306,door,images/dishwasher_2_fx_20260529_episode_27__base_00005.jpg,,,
dishwasher_2_fx_20260529_episode_27__base_00005,dishwasher_2_fx_20260529_episode_27,base,5,216,306,dish_rack,images/dishwasher_2_fx_20260529_episode_27__base_00005.jpg,,,
dishwasher_2_fx_20260529_episode_27__base_00005,dishwasher_2_fx_20260529_episode_27,base,5,216,306,cutlery_basket,images/dishwasher_2_fx_20260529_episode_27__base_00005.jpg,,,
dishwasher_2_fx_20260529_episode_27__base_00005,dishwasher_2_fx_20260529_episode_27,base,5,216,306,right_hand,images/dishwasher_2_fx_20260529_episode_27__base_00005.jpg,,,
dishwasher_2_fx_20260529_episode_27__base_00005,dishwasher_2_fx_20260529_episode_27,base,5,216,306,left_hand,images/dishwasher_2_fx_20260529_episode_27__base_00005.jpg,,,
dishwasher_2_fx_20260529_episode_27__base_00005,dishwasher_2_fx_20260529_episode_27,base,5,216,306,knife_location,images/dishwasher_2_fx_20260529_episode_27__base_00005.jpg,,,
dishwasher_2_fx_20260529_episode_27__base_00005,dishwasher_2_fx_20260529_episode_27,base,5,216,306,fork_location,images/dishwasher_2_fx_20260529_episode_27__base_00005.jpg,,,
dishwasher_2_fx_20260529_episode_27__base_00005,dishwasher_2_fx_20260529_episode_27,base,5,216,306,plate_location,images/dishwasher_2_fx_20260529_episode_27__base_00005.jpg,,,
dishwasher_2_fx_20260529_episode_27__base_00009,dishwasher_2_fx_20260529_episode_27,base,9,495,585,robot_location,images/dishwasher_2_fx_20260529_episode_27__base_00009.jpg,,,
dishwasher_2_fx_20260529_episode_27__base_00009,dishwasher_2_fx_20260529_episode_27,base,9,495,585,door,images/dishwasher_2_fx_20260529_episode_27__base_00009.jpg,,,
dishwasher_2_fx_20260529_episode_27__base_00009,dishwasher_2_fx_20260529_episode_27,base,9,495,585,dish_rack,images/dishwasher_2_fx_20260529_episode_27__base_00009.jpg,,,
dishwasher_2_fx_20260529_episode_27__base_00009,dishwasher_2_fx_20260529_episode_27,base,9,495,585,cutlery_basket,images/dishwasher_2_fx_20260529_episode_27__base_00009.jpg,,,
dishwasher_2_fx_20260529_episode_27__base_00009,dishwasher_2_fx_20260529_episode_27,base,9,495,585,right_hand,images/dishwasher_2_fx_20260529_episode_27__base_00009.jpg,,,
dishwasher_2_fx_20260529_episode_27__base_00009,dishwasher_2_fx_20260529_episode_27,base,9,495,585,left_hand,images/dishwasher_2_fx_20260529_episode_27__base_00009.jpg,,,
dishwasher_2_fx_20260529_episode_27__base_00009,dishwasher_2_fx_20260529_episode_27,base,9,495,585,knife_location,images/dishwasher_2_fx_20260529_episode_27__base_00009.jpg,,,
dishwasher_2_fx_20260529_episode_27__base_00009,dishwasher_2_fx_20260529_episode_27,base,9,495,585,fork_location,images/dishwasher_2_fx_20260529_episode_27__base_00009.jpg,,,
dishwasher_2_fx_20260529_episode_27__base_00009,dishwasher_2_fx_20260529_episode_27,base,9,495,585,plate_location,images/dishwasher_2_fx_20260529_episode_27__base_00009.jpg,,,
dishwasher_2_fx_20260529_episode_27__base_00011,dishwasher_2_fx_20260529_episode_27,base,11,764,854,robot_location,images/dishwasher_2_fx_20260529_episode_27__base_00011.jpg,,,
dishwasher_2_fx_20260529_episode_27__base_00011,dishwasher_2_fx_20260529_episode_27,base,11,764,854,door,images/dishwasher_2_fx_20260529_episode_27__base_00011.jpg,,,
dishwasher_2_fx_20260529_episode_27__base_00011,dishwasher_2_fx_20260529_episode_27,base,11,764,854,dish_rack,images/dishwasher_2_fx_20260529_episode_27__base_00011.jpg,,,
dishwasher_2_fx_20260529_episode_27__base_00011,dishwasher_2_fx_20260529_episode_27,base,11,764,854,cutlery_basket,images/dishwasher_2_fx_20260529_episode_27__base_00011.jpg,,,
dishwasher_2_fx_20260529_episode_27__base_00011,dishwasher_2_fx_20260529_episode_27,base,11,764,854,right_hand,images/dishwasher_2_fx_20260529_episode_27__base_00011.jpg,,,
dishwasher_2_fx_20260529_episode_27__base_00011,dishwasher_2_fx_20260529_episode_27,base,11,764,854,left_hand,images/dishwasher_2_fx_20260529_episode_27__base_00011.jpg,,,
dishwasher_2_fx_20260529_episode_27__base_00011,dishwasher_2_fx_20260529_episode_27,base,11,764,854,knife_location,images/dishwasher_2_fx_20260529_episode_27__base_00011.jpg,,,
dishwasher_2_fx_20260529_episode_27__base_00011,dishwasher_2_fx_20260529_episode_27,base,11,764,854,fork_location,images/dishwasher_2_fx_20260529_episode_27__base_00011.jpg,,,
dishwasher_2_fx_20260529_episode_27__base_00011,dishwasher_2_fx_20260529_episode_27,base,11,764,854,plate_location,images/dishwasher_2_fx_20260529_episode_27__base_00011.jpg,,,
dishwasher_2_fx_20260529_episode_27__base_00014,dishwasher_2_fx_20260529_episode_27,base,14,999,1089,robot_location,images/dishwasher_2_fx_20260529_episode_27__base_00014.jpg,,,
dishwasher_2_fx_20260529_episode_27__base_00014,dishwasher_2_fx_20260529_episode_27,base,14,999,1089,door,images/dishwasher_2_fx_20260529_episode_27__base_00014.jpg,,,
dishwasher_2_fx_20260529_episode_27__base_00014,dishwasher_2_fx_20260529_episode_27,base,14,999,1089,dish_rack,images/dishwasher_2_fx_20260529_episode_27__base_00014.jpg,,,
dishwasher_2_fx_20260529_episode_27__base_00014,dishwasher_2_fx_20260529_episode_27,base,14,999,1089,cutlery_basket,images/dishwasher_2_fx_20260529_episode_27__base_00014.jpg,,,
dishwasher_2_fx_20260529_episode_27__base_00014,dishwasher_2_fx_20260529_episode_27,base,14,999,1089,right_hand,images/dishwasher_2_fx_20260529_episode_27__base_00014.jpg,,,
dishwasher_2_fx_20260529_episode_27__base_00014,dishwasher_2_fx_20260529_episode_27,base,14,999,1089,left_hand,images/dishwasher_2_fx_20260529_episode_27__base_00014.jpg,,,
dishwasher_2_fx_20260529_episode_27__base_00014,dishwasher_2_fx_20260529_episode_27,base,14,999,1089,knife_location,images/dishwasher_2_fx_20260529_episode_27__base_00014.jpg,,,
dishwasher_2_fx_20260529_episode_27__base_00014,dishwasher_2_fx_20260529_episode_27,base,14,999,1089,fork_location,images/dishwasher_2_fx_20260529_episode_27__base_00014.jpg,,,
dishwasher_2_fx_20260529_episode_27__base_00014,dishwasher_2_fx_20260529_episode_27,base,14,999,1089,plate_location,images/dishwasher_2_fx_20260529_episode_27__base_00014.jpg,,,
dishwasher_2_fx_20260529_episode_27__base_00015,dishwasher_2_fx_20260529_episode_27,base,15,1076,1166,robot_location,images/dishwasher_2_fx_20260529_episode_27__base_00015.jpg,,,
dishwasher_2_fx_20260529_episode_27__base_00015,dishwasher_2_fx_20260529_episode_27,base,15,1076,1166,door,images/dishwasher_2_fx_20260529_episode_27__base_00015.jpg,,,
dishwasher_2_fx_20260529_episode_27__base_00015,dishwasher_2_fx_20260529_episode_27,base,15,1076,1166,dish_rack,images/dishwasher_2_fx_20260529_episode_27__base_00015.jpg,,,
dishwasher_2_fx_20260529_episode_27__base_00015,dishwasher_2_fx_20260529_episode_27,base,15,1076,1166,cutlery_basket,images/dishwasher_2_fx_20260529_episode_27__base_00015.jpg,,,
dishwasher_2_fx_20260529_episode_27__base_00015,dishwasher_2_fx_20260529_episode_27,base,15,1076,1166,right_hand,images/dishwasher_2_fx_20260529_episode_27__base_00015.jpg,,,
dishwasher_2_fx_20260529_episode_27__base_00015,dishwasher_2_fx_20260529_episode_27,base,15,1076,1166,left_hand,images/dishwasher_2_fx_20260529_episode_27__base_00015.jpg,,,
dishwasher_2_fx_20260529_episode_27__base_00015,dishwasher_2_fx_20260529_episode_27,base,15,1076,1166,knife_location,images/dishwasher_2_fx_20260529_episode_27__base_00015.jpg,,,
dishwasher_2_fx_20260529_episode_27__base_00015,dishwasher_2_fx_20260529_episode_27,base,15,1076,1166,fork_location,images/dishwasher_2_fx_20260529_episode_27__base_00015.jpg,,,
dishwasher_2_fx_20260529_episode_27__base_00015,dishwasher_2_fx_20260529_episode_27,base,15,1076,1166,plate_location,images/dishwasher_2_fx_20260529_episode_27__base_00015.jpg,,,
dishwasher_2_fx_20260529_episode_27__base_00017,dishwasher_2_fx_20260529_episode_27,base,17,1175,1265,robot_location,images/dishwasher_2_fx_20260529_episode_27__base_00017.jpg,,,
dishwasher_2_fx_20260529_episode_27__base_00017,dishwasher_2_fx_20260529_episode_27,base,17,1175,1265,door,images/dishwasher_2_fx_20260529_episode_27__base_00017.jpg,,,
dishwasher_2_fx_20260529_episode_27__base_00017,dishwasher_2_fx_20260529_episode_27,base,17,1175,1265,dish_rack,images/dishwasher_2_fx_20260529_episode_27__base_00017.jpg,,,
dishwasher_2_fx_20260529_episode_27__base_00017,dishwasher_2_fx_20260529_episode_27,base,17,1175,1265,cutlery_basket,images/dishwasher_2_fx_20260529_episode_27__base_00017.jpg,,,
dishwasher_2_fx_20260529_episode_27__base_00017,dishwasher_2_fx_20260529_episode_27,base,17,1175,1265,right_hand,images/dishwasher_2_fx_20260529_episode_27__base_00017.jpg,,,
dishwasher_2_fx_20260529_episode_27__base_00017,dishwasher_2_fx_20260529_episode_27,base,17,1175,1265,left_hand,images/dishwasher_2_fx_20260529_episode_27__base_00017.jpg,,,
dishwasher_2_fx_20260529_episode_27__base_00017,dishwasher_2_fx_20260529_episode_27,base,17,1175,1265,knife_location,images/dishwasher_2_fx_20260529_episode_27__base_00017.jpg,,,
dishwasher_2_fx_20260529_episode_27__base_00017,dishwasher_2_fx_20260529_episode_27,base,17,1175,1265,fork_location,images/dishwasher_2_fx_20260529_episode_27__base_00017.jpg,,,
dishwasher_2_fx_20260529_episode_27__base_00017,dishwasher_2_fx_20260529_episode_27,base,17,1175,1265,plate_location,images/dishwasher_2_fx_20260529_episode_27__base_00017.jpg,,,
dishwasher_2_fx_20260529_episode_27__base_00021,dishwasher_2_fx_20260529_episode_27,base,21,1410,1500,robot_location,images/dishwasher_2_fx_20260529_episode_27__base_00021.jpg,,,
dishwasher_2_fx_20260529_episode_27__base_00021,dishwasher_2_fx_20260529_episode_27,base,21,1410,1500,door,images/dishwasher_2_fx_20260529_episode_27__base_00021.jpg,,,
dishwasher_2_fx_20260529_episode_27__base_00021,dishwasher_2_fx_20260529_episode_27,base,21,1410,1500,dish_rack,images/dishwasher_2_fx_20260529_episode_27__base_00021.jpg,,,
dishwasher_2_fx_20260529_episode_27__base_00021,dishwasher_2_fx_20260529_episode_27,base,21,1410,1500,cutlery_basket,images/dishwasher_2_fx_20260529_episode_27__base_00021.jpg,,,
dishwasher_2_fx_20260529_episode_27__base_00021,dishwasher_2_fx_20260529_episode_27,base,21,1410,1500,right_hand,images/dishwasher_2_fx_20260529_episode_27__base_00021.jpg,,,
dishwasher_2_fx_20260529_episode_27__base_00021,dishwasher_2_fx_20260529_episode_27,base,21,1410,1500,left_hand,images/dishwasher_2_fx_20260529_episode_27__base_00021.jpg,,,
dishwasher_2_fx_20260529_episode_27__base_00021,dishwasher_2_fx_20260529_episode_27,base,21,1410,1500,knife_location,images/dishwasher_2_fx_20260529_episode_27__base_00021.jpg,,,
dishwasher_2_fx_20260529_episode_27__base_00021,dishwasher_2_fx_20260529_episode_27,base,21,1410,1500,fork_location,images/dishwasher_2_fx_20260529_episode_27__base_00021.jpg,,,
dishwasher_2_fx_20260529_episode_27__base_00021,dishwasher_2_fx_20260529_episode_27,base,21,1410,1500,plate_location,images/dishwasher_2_fx_20260529_episode_27__base_00021.jpg,,,
dishwasher_2_fx_20260529_episode_27__base_00024,dishwasher_2_fx_20260529_episode_27,base,24,1520,1610,robot_location,images/dishwasher_2_fx_20260529_episode_27__base_00024.jpg,,,
dishwasher_2_fx_20260529_episode_27__base_00024,dishwasher_2_fx_20260529_episode_27,base,24,1520,1610,door,images/dishwasher_2_fx_20260529_episode_27__base_00024.jpg,,,
dishwasher_2_fx_20260529_episode_27__base_00024,dishwasher_2_fx_20260529_episode_27,base,24,1520,1610,dish_rack,images/dishwasher_2_fx_20260529_episode_27__base_00024.jpg,,,
dishwasher_2_fx_20260529_episode_27__base_00024,dishwasher_2_fx_20260529_episode_27,base,24,1520,1610,cutlery_basket,images/dishwasher_2_fx_20260529_episode_27__base_00024.jpg,,,
dishwasher_2_fx_20260529_episode_27__base_00024,dishwasher_2_fx_20260529_episode_27,base,24,1520,1610,right_hand,images/dishwasher_2_fx_20260529_episode_27__base_00024.jpg,,,
dishwasher_2_fx_20260529_episode_27__base_00024,dishwasher_2_fx_20260529_episode_27,base,24,1520,1610,left_hand,images/dishwasher_2_fx_20260529_episode_27__base_00024.jpg,,,
dishwasher_2_fx_20260529_episode_27__base_00024,dishwasher_2_fx_20260529_episode_27,base,24,1520,1610,knife_location,images/dishwasher_2_fx_20260529_episode_27__base_00024.jpg,,,
dishwasher_2_fx_20260529_episode_27__base_00024,dishwasher_2_fx_20260529_episode_27,base,24,1520,1610,fork_location,images/dishwasher_2_fx_20260529_episode_27__base_00024.jpg,,,
dishwasher_2_fx_20260529_episode_27__base_00024,dishwasher_2_fx_20260529_episode_27,base,24,1520,1610,plate_location,images/dishwasher_2_fx_20260529_episode_27__base_00024.jpg,,,
dishwasher_2_fx_20260529_episode_27__targeted_20000,dishwasher_2_fx_20260529_episode_27,targeted,20000,86,220,door,images/dishwasher_2_fx_20260529_episode_27__targeted_20000.jpg,,,
dishwasher_2_fx_20260529_episode_27__targeted_20000,dishwasher_2_fx_20260529_episode_27,targeted,20000,86,220,right_hand,images/dishwasher_2_fx_20260529_episode_27__targeted_20000.jpg,,,
dishwasher_2_fx_20260529_episode_27__targeted_20000,dishwasher_2_fx_20260529_episode_27,targeted,20000,86,220,left_hand,images/dishwasher_2_fx_20260529_episode_27__targeted_20000.jpg,,,
dishwasher_2_fx_20260529_episode_27__targeted_20001,dishwasher_2_fx_20260529_episode_27,targeted,20001,220,310,dish_rack,images/dishwasher_2_fx_20260529_episode_27__targeted_20001.jpg,,,
dishwasher_2_fx_20260529_episode_27__targeted_20001,dishwasher_2_fx_20260529_episode_27,targeted,20001,220,310,right_hand,images/dishwasher_2_fx_20260529_episode_27__targeted_20001.jpg,,,
dishwasher_2_fx_20260529_episode_27__targeted_20001,dishwasher_2_fx_20260529_episode_27,targeted,20001,220,310,left_hand,images/dishwasher_2_fx_20260529_episode_27__targeted_20001.jpg,,,
dishwasher_2_fx_20260529_episode_27__targeted_20002,dishwasher_2_fx_20260529_episode_27,targeted,20002,220,310,plate_location,images/dishwasher_2_fx_20260529_episode_27__targeted_20002.jpg,,,
dishwasher_2_fx_20260529_episode_27__targeted_20002,dishwasher_2_fx_20260529_episode_27,targeted,20002,220,310,right_hand,images/dishwasher_2_fx_20260529_episode_27__targeted_20002.jpg,,,
dishwasher_2_fx_20260529_episode_27__targeted_20002,dishwasher_2_fx_20260529_episode_27,targeted,20002,220,310,left_hand,images/dishwasher_2_fx_20260529_episode_27__targeted_20002.jpg,,,
dishwasher_2_fx_20260529_episode_27__targeted_20003,dishwasher_2_fx_20260529_episode_27,targeted,20003,363,439,cutlery_basket,images/dishwasher_2_fx_20260529_episode_27__targeted_20003.jpg,,,
dishwasher_2_fx_20260529_episode_27__targeted_20003,dishwasher_2_fx_20260529_episode_27,targeted,20003,363,439,right_hand,images/dishwasher_2_fx_20260529_episode_27__targeted_20003.jpg,,,
dishwasher_2_fx_20260529_episode_27__targeted_20003,dishwasher_2_fx_20260529_episode_27,targeted,20003,363,439,left_hand,images/dishwasher_2_fx_20260529_episode_27__targeted_20003.jpg,,,
dishwasher_2_fx_20260529_episode_27__targeted_20004,dishwasher_2_fx_20260529_episode_27,targeted,20004,510,665,cutlery_basket,images/dishwasher_2_fx_20260529_episode_27__targeted_20004.jpg,,,
dishwasher_2_fx_20260529_episode_27__targeted_20004,dishwasher_2_fx_20260529_episode_27,targeted,20004,510,665,right_hand,images/dishwasher_2_fx_20260529_episode_27__targeted_20004.jpg,,,
dishwasher_2_fx_20260529_episode_27__targeted_20004,dishwasher_2_fx_20260529_episode_27,targeted,20004,510,665,left_hand,images/dishwasher_2_fx_20260529_episode_27__targeted_20004.jpg,,,
dishwasher_2_fx_20260529_episode_27__targeted_20005,dishwasher_2_fx_20260529_episode_27,targeted,20005,798,874,dish_rack,images/dishwasher_2_fx_20260529_episode_27__targeted_20005.jpg,,,
dishwasher_2_fx_20260529_episode_27__targeted_20005,dishwasher_2_fx_20260529_episode_27,targeted,20005,798,874,right_hand,images/dishwasher_2_fx_20260529_episode_27__targeted_20005.jpg,,,
dishwasher_2_fx_20260529_episode_27__targeted_20005,dishwasher_2_fx_20260529_episode_27,targeted,20005,798,874,left_hand,images/dishwasher_2_fx_20260529_episode_27__targeted_20005.jpg,,,
dishwasher_2_fx_20260529_episode_27__targeted_20006,dishwasher_2_fx_20260529_episode_27,targeted,20006,843,919,dish_rack,images/dishwasher_2_fx_20260529_episode_27__targeted_20006.jpg,,,
dishwasher_2_fx_20260529_episode_27__targeted_20006,dishwasher_2_fx_20260529_episode_27,targeted,20006,843,919,right_hand,images/dishwasher_2_fx_20260529_episode_27__targeted_20006.jpg,,,
dishwasher_2_fx_20260529_episode_27__targeted_20006,dishwasher_2_fx_20260529_episode_27,targeted,20006,843,919,left_hand,images/dishwasher_2_fx_20260529_episode_27__targeted_20006.jpg,,,
dishwasher_2_fx_20260529_episode_27__targeted_20007,dishwasher_2_fx_20260529_episode_27,targeted,20007,932,1082,cutlery_basket,images/dishwasher_2_fx_20260529_episode_27__targeted_20007.jpg,,,
dishwasher_2_fx_20260529_episode_27__targeted_20007,dishwasher_2_fx_20260529_episode_27,targeted,20007,932,1082,right_hand,images/dishwasher_2_fx_20260529_episode_27__targeted_20007.jpg,,,
dishwasher_2_fx_20260529_episode_27__targeted_20007,dishwasher_2_fx_20260529_episode_27,targeted,20007,932,1082,left_hand,images/dishwasher_2_fx_20260529_episode_27__targeted_20007.jpg,,,
