sample_id,episode,source,event_id,start_frame,end_frame,entity,image,prediction_before,prediction_after,confidence_before,confidence_after
dishwasher_2_fx_20260529_episode_27__base_00000,dishwasher_2_fx_20260529_episode_27,base,0,26,116,robot_location,images/dishwasher_2_fx_20260529_episode_27__base_00000.jpg,at_station,at_station,0.95,0.95
dishwasher_2_fx_20260529_episode_27__base_00000,dishwasher_2_fx_20260529_episode_27,base,0,26,116,door,images/dishwasher_2_fx_20260529_episode_27__base_00000.jpg,open,open,0.95,0.95
dishwasher_2_fx_20260529_episode_27__base_00000,dishwasher_2_fx_20260529_episode_27,base,0,26,116,dish_rack,images/dishwasher_2_fx_20260529_episode_27__base_00000.jpg,in,in,0.9,0.9
dishwasher_2_fx_20260529_episode_27__base_00000,dishwasher_2_fx_20260529_episode_27,base,0,26,116,cutlery_basket,images/dishwasher_2_fx_20260529_episode_27__base_00000.jpg,in,in,0.9,0.9
dishwasher_2_fx_20260529_episode_27__base_00000,dishwasher_2_fx_20260529_episode_27,base,0,26,116,right_hand,images/dishwasher_2_fx_20260529_episode_27__base_00000.jpg,not_visible,not_visible,0.95,0.95
dishwasher_2_fx_20260529_episode_27__base_00000,dishwasher_2_fx_20260529_episode_27,base,0,26,116,left_hand,images/dishwasher_2_fx_20260529_episode_27__base_00000.jpg,not_visible,not_visible,0.95,0.95
dishwasher_2_fx_20260529_episode_27__base_00000,dishwasher_2_fx_20260529_episode_27,base,0,26,116,knife_location,images/dishwasher_2_fx_20260529_episode_27__base_00000.jpg,tabletop,tabletop,0.85,0.85
dishwasher_2_fx_20260529_episode_27__base_00000,dishwasher_2_fx_20260529_episode_27,base,0,26,116,fork_location,images/dishwasher_2_fx_20260529_episode_27__base_00000.jpg,tabletop,tabletop,0.85,0.85
dishwasher_2_fx_20260529_episode_27__base_00000,dishwasher_2_fx_20260529_episode_27,base,0,26,116,plate_location,images/dishwasher_2_fx_20260529_episode_27__base_00000.jpg,tabletop,tabletop,0.95,0.95
dishwasher_2_fx_20260529_episode_27__base_00004,dishwasher_2_fx_20260529_episode_27,base,4,199,289,robot_location,images/dishwasher_2_fx_20260529_episode_27__base_00004.jpg,at_station,at_station,0.95,0.95
dishwasher_2_fx_20260529_episode_27__base_00004,dishwasher_2_fx_20260529_episode_27,base,4,199,289,door,images/dishwasher_2_fx_20260529_episode_27__base_00004.jpg,open,open,0.95,0.95
dishwasher_2_fx_20260529_episode_27__base_00004,dishwasher_2_fx_20260529_episode_27,base,4,199,289,dish_rack,images/dishwasher_2_fx_20260529_episode_27__base_00004.jpg,in,in,0.95,0.95
dishwasher_2_fx_20260529_episode_27__base_00004,dishwasher_2_fx_20260529_episode_27,base,4,199,289,cutlery_basket,images/dishwasher_2_fx_20260529_episode_27__base_00004.jpg,in,in,0.85,0.85
dishwasher_2_fx_20260529_episode_27__base_00004,dishwasher_2_fx_20260529_episode_27,base,4,199,289,right_hand,images/dishwasher_2_fx_20260529_episode_27__base_00004.jpg,not_visible,uncertain,0.0,0.4
dishwasher_2_fx_20260529_episode_27__base_00004,dishwasher_2_fx_20260529_episode_27,base,4,199,289,left_hand,images/dishwasher_2_fx_20260529_episode_27__base_00004.jpg,not_visible,not_visible,0.0,0.0
dishwasher_2_fx_20260529_episode_27__base_00004,dishwasher_2_fx_20260529_episode_27,base,4,199,289,knife_location,images/dishwasher_2_fx_20260529_episode_27__base_00004.jpg,uncertain,uncertain,0.0,0.0
dishwasher_2_fx_20260529_episode_27__base_00004,dishwasher_2_fx_20260529_episode_27,base,4,199,289,fork_location,images/dishwasher_2_fx_20260529_episode_27__base_00004.jpg,uncertain,uncertain,0.0,0.0
dishwasher_2_fx_20260529_episode_27__base_00004,dishwasher_2_fx_20260529_episode_27,base,4,199,289,plate_location,images/dishwasher_2_fx_20260529_episode_27__base_00004.jpg,dish_rack,dish_rack,0.9,0.9
dishwasher_2_fx_20260529_episode_27__base_00005,dishwasher_2_fx_20260529_episode_27,base,5,216,306,robot_location,images/dishwasher_2_fx_20260529_episode_27__base_00005.jpg,at_station,at_station,0.95,0.95
dishwasher_2_fx_20260529_episode_27__base_00005,dishwasher_2_fx_20260529_episode_27,base,5,216,306,door,images/dishwasher_2_fx_20260529_episode_27__base_00005.jpg,open,open,0.95,0.95
dishwasher_2_fx_20260529_episode_27__base_00005,dishwasher_2_fx_20260529_episode_27,base,5,216,306,dish_rack,images/dishwasher_2_fx_20260529_episode_27__base_00005.jpg,out,moving_in,0.9,0.9
dishwasher_2_fx_20260529_episode_27__base_00005,dishwasher_2_fx_20260529_episode_27,base,5,216,306,cutlery_basket,images/dishwasher_2_fx_20260529_episode_27__base_00005.jpg,uncertain,uncertain,0.4,0.4
dishwasher_2_fx_20260529_episode_27__base_00005,dishwasher_2_fx_20260529_episode_27,base,5,216,306,right_hand,images/dishwasher_2_fx_20260529_episode_27__base_00005.jpg,contact_dish_rack,contact_dish_rack,0.9,0.9
dishwasher_2_fx_20260529_episode_27__base_00005,dishwasher_2_fx_20260529_episode_27,base,5,216,306,left_hand,images/dishwasher_2_fx_20260529_episode_27__base_00005.jpg,not_visible,not_visible,0.95,0.95
dishwasher_2_fx_20260529_episode_27__base_00005,dishwasher_2_fx_20260529_episode_27,base,5,216,306,knife_location,images/dishwasher_2_fx_20260529_episode_27__base_00005.jpg,uncertain,uncertain,0.5,0.5
dishwasher_2_fx_20260529_episode_27__base_00005,dishwasher_2_fx_20260529_episode_27,base,5,216,306,fork_location,images/dishwasher_2_fx_20260529_episode_27__base_00005.jpg,uncertain,uncertain,0.5,0.5
dishwasher_2_fx_20260529_episode_27__base_00005,dishwasher_2_fx_20260529_episode_27,base,5,216,306,plate_location,images/dishwasher_2_fx_20260529_episode_27__base_00005.jpg,dish_rack,dish_rack,0.9,0.9
dishwasher_2_fx_20260529_episode_27__base_00009,dishwasher_2_fx_20260529_episode_27,base,9,495,585,robot_location,images/dishwasher_2_fx_20260529_episode_27__base_00009.jpg,at_station,at_station,0.95,0.95
dishwasher_2_fx_20260529_episode_27__base_00009,dishwasher_2_fx_20260529_episode_27,base,9,495,585,door,images/dishwasher_2_fx_20260529_episode_27__base_00009.jpg,open,open,0.95,0.95
dishwasher_2_fx_20260529_episode_27__base_00009,dishwasher_2_fx_20260529_episode_27,base,9,495,585,dish_rack,images/dishwasher_2_fx_20260529_episode_27__base_00009.jpg,out,moving_in,0.95,0.95
dishwasher_2_fx_20260529_episode_27__base_00009,dishwasher_2_fx_20260529_episode_27,base,9,495,585,cutlery_basket,images/dishwasher_2_fx_20260529_episode_27__base_00009.jpg,out,moving_in,0.95,0.95
dishwasher_2_fx_20260529_episode_27__base_00009,dishwasher_2_fx_20260529_episode_27,base,9,495,585,right_hand,images/dishwasher_2_fx_20260529_episode_27__base_00009.jpg,contact_cutlery_basket,contact_cutlery_basket,0.9,0.9
dishwasher_2_fx_20260529_episode_27__base_00009,dishwasher_2_fx_20260529_episode_27,base,9,495,585,left_hand,images/dishwasher_2_fx_20260529_episode_27__base_00009.jpg,contact_dish_rack,contact_dish_rack,0.9,0.9
dishwasher_2_fx_20260529_episode_27__base_00009,dishwasher_2_fx_20260529_episode_27,base,9,495,585,knife_location,images/dishwasher_2_fx_20260529_episode_27__base_00009.jpg,cutlery_basket,cutlery_basket,0.9,0.9
dishwasher_2_fx_20260529_episode_27__base_00009,dishwasher_2_fx_20260529_episode_27,base,9,495,585,fork_location,images/dishwasher_2_fx_20260529_episode_27__base_00009.jpg,cutlery_basket,cutlery_basket,0.9,0.9
dishwasher_2_fx_20260529_episode_27__base_00009,dishwasher_2_fx_20260529_episode_27,base,9,495,585,plate_location,images/dishwasher_2_fx_20260529_episode_27__base_00009.jpg,other,other,0.85,0.85
dishwasher_2_fx_20260529_episode_27__base_00011,dishwasher_2_fx_20260529_episode_27,base,11,764,854,robot_location,images/dishwasher_2_fx_20260529_episode_27__base_00011.jpg,at_station,at_station,0.95,0.95
dishwasher_2_fx_20260529_episode_27__base_00011,dishwasher_2_fx_20260529_episode_27,base,11,764,854,door,images/dishwasher_2_fx_20260529_episode_27__base_00011.jpg,open,open,0.95,0.95
dishwasher_2_fx_20260529_episode_27__base_00011,dishwasher_2_fx_20260529_episode_27,base,11,764,854,dish_rack,images/dishwasher_2_fx_20260529_episode_27__base_00011.jpg,in,in,0.95,0.95
dishwasher_2_fx_20260529_episode_27__base_00011,dishwasher_2_fx_20260529_episode_27,base,11,764,854,cutlery_basket,images/dishwasher_2_fx_20260529_episode_27__base_00011.jpg,uncertain,uncertain,0.6,0.6
dishwasher_2_fx_20260529_episode_27__base_00011,dishwasher_2_fx_20260529_episode_27,base,11,764,854,right_hand,images/dishwasher_2_fx_20260529_episode_27__base_00011.jpg,holding_fork,holding_fork,0.95,0.95
dishwasher_2_fx_20260529_episode_27__base_00011,dishwasher_2_fx_20260529_episode_27,base,11,764,854,left_hand,images/dishwasher_2_fx_20260529_episode_27__base_00011.jpg,not_visible,not_visible,0.95,0.95
dishwasher_2_fx_20260529_episode_27__base_00011,dishwasher_2_fx_20260529_episode_27,base,11,764,854,knife_location,images/dishwasher_2_fx_20260529_episode_27__base_00011.jpg,uncertain,uncertain,0.0,0.0
dishwasher_2_fx_20260529_episode_27__base_00011,dishwasher_2_fx_20260529_episode_27,base,11,764,854,fork_location,images/dishwasher_2_fx_20260529_episode_27__base_00011.jpg,right_hand,right_hand,0.95,0.95
dishwasher_2_fx_20260529_episode_27__base_00011,dishwasher_2_fx_20260529_episode_27,base,11,764,854,plate_location,images/dishwasher_2_fx_20260529_episode_27__base_00011.jpg,tabletop,tabletop,0.95,0.95
dishwasher_2_fx_20260529_episode_27__base_00014,dishwasher_2_fx_20260529_episode_27,base,14,999,1089,robot_location,images/dishwasher_2_fx_20260529_episode_27__base_00014.jpg,at_station,at_station,0.9,0.9
dishwasher_2_fx_20260529_episode_27__base_00014,dishwasher_2_fx_20260529_episode_27,base,14,999,1089,door,images/dishwasher_2_fx_20260529_episode_27__base_00014.jpg,open,open,0.9,0.9
dishwasher_2_fx_20260529_episode_27__base_00014,dishwasher_2_fx_20260529_episode_27,base,14,999,1089,dish_rack,images/dishwasher_2_fx_20260529_episode_27__base_00014.jpg,moving_out,out,0.9,0.9
dishwasher_2_fx_20260529_episode_27__base_00014,dishwasher_2_fx_20260529_episode_27,base,14,999,1089,cutlery_basket,images/dishwasher_2_fx_20260529_episode_27__base_00014.jpg,in,in,0.8,0.8
dishwasher_2_fx_20260529_episode_27__base_00014,dishwasher_2_fx_20260529_episode_27,base,14,999,1089,right_hand,images/dishwasher_2_fx_20260529_episode_27__base_00014.jpg,contact_dish_rack,free,0.9,0.95
dishwasher_2_fx_20260529_episode_27__base_00014,dishwasher_2_fx_20260529_episode_27,base,14,999,1089,left_hand,images/dishwasher_2_fx_20260529_episode_27__base_00014.jpg,not_visible,not_visible,0.95,0.95
dishwasher_2_fx_20260529_episode_27__base_00014,dishwasher_2_fx_20260529_episode_27,base,14,999,1089,knife_location,images/dishwasher_2_fx_20260529_episode_27__base_00014.jpg,uncertain,uncertain,0.1,0.1
dishwasher_2_fx_20260529_episode_27__base_00014,dishwasher_2_fx_20260529_episode_27,base,14,999,1089,fork_location,images/dishwasher_2_fx_20260529_episode_27__base_00014.jpg,uncertain,uncertain,0.1,0.1
dishwasher_2_fx_20260529_episode_27__base_00014,dishwasher_2_fx_20260529_episode_27,base,14,999,1089,plate_location,images/dishwasher_2_fx_20260529_episode_27__base_00014.jpg,uncertain,uncertain,0.1,0.1
dishwasher_2_fx_20260529_episode_27__base_00015,dishwasher_2_fx_20260529_episode_27,base,15,1076,1166,robot_location,images/dishwasher_2_fx_20260529_episode_27__base_00015.jpg,at_station,at_station,0.9,0.9
dishwasher_2_fx_20260529_episode_27__base_00015,dishwasher_2_fx_20260529_episode_27,base,15,1076,1166,door,images/dishwasher_2_fx_20260529_episode_27__base_00015.jpg,open,open,0.9,0.9
dishwasher_2_fx_20260529_episode_27__base_00015,dishwasher_2_fx_20260529_episode_27,base,15,1076,1166,dish_rack,images/dishwasher_2_fx_20260529_episode_27__base_00015.jpg,out,out,0.9,0.9
dishwasher_2_fx_20260529_episode_27__base_00015,dishwasher_2_fx_20260529_episode_27,base,15,1076,1166,cutlery_basket,images/dishwasher_2_fx_20260529_episode_27__base_00015.jpg,in,in,0.85,0.85
dishwasher_2_fx_20260529_episode_27__base_00015,dishwasher_2_fx_20260529_episode_27,base,15,1076,1166,right_hand,images/dishwasher_2_fx_20260529_episode_27__base_00015.jpg,holding_plate,holding_plate,0.95,0.95
dishwasher_2_fx_20260529_episode_27__base_00015,dishwasher_2_fx_20260529_episode_27,base,15,1076,1166,left_hand,images/dishwasher_2_fx_20260529_episode_27__base_00015.jpg,not_visible,not_visible,0.9,0.9
dishwasher_2_fx_20260529_episode_27__base_00015,dishwasher_2_fx_20260529_episode_27,base,15,1076,1166,knife_location,images/dishwasher_2_fx_20260529_episode_27__base_00015.jpg,uncertain,uncertain,0.0,0.0
dishwasher_2_fx_20260529_episode_27__base_00015,dishwasher_2_fx_20260529_episode_27,base,15,1076,1166,fork_location,images/dishwasher_2_fx_20260529_episode_27__base_00015.jpg,uncertain,uncertain,0.0,0.0
dishwasher_2_fx_20260529_episode_27__base_00015,dishwasher_2_fx_20260529_episode_27,base,15,1076,1166,plate_location,images/dishwasher_2_fx_20260529_episode_27__base_00015.jpg,right_hand,right_hand,0.95,0.95
dishwasher_2_fx_20260529_episode_27__base_00017,dishwasher_2_fx_20260529_episode_27,base,17,1175,1265,robot_location,images/dishwasher_2_fx_20260529_episode_27__base_00017.jpg,at_station,at_station,0.95,0.95
dishwasher_2_fx_20260529_episode_27__base_00017,dishwasher_2_fx_20260529_episode_27,base,17,1175,1265,door,images/dishwasher_2_fx_20260529_episode_27__base_00017.jpg,open,open,0.95,0.95
dishwasher_2_fx_20260529_episode_27__base_00017,dishwasher_2_fx_20260529_episode_27,base,17,1175,1265,dish_rack,images/dishwasher_2_fx_20260529_episode_27__base_00017.jpg,out,out,0.95,0.95
dishwasher_2_fx_20260529_episode_27__base_00017,dishwasher_2_fx_20260529_episode_27,base,17,1175,1265,cutlery_basket,images/dishwasher_2_fx_20260529_episode_27__base_00017.jpg,in,in,0.85,0.85
dishwasher_2_fx_20260529_episode_27__base_00017,dishwasher_2_fx_20260529_episode_27,base,17,1175,1265,right_hand,images/dishwasher_2_fx_20260529_episode_27__base_00017.jpg,holding_plate,holding_plate,0.95,0.95
dishwasher_2_fx_20260529_episode_27__base_00017,dishwasher_2_fx_20260529_episode_27,base,17,1175,1265,left_hand,images/dishwasher_2_fx_20260529_episode_27__base_00017.jpg,not_visible,not_visible,0.95,0.95
dishwasher_2_fx_20260529_episode_27__base_00017,dishwasher_2_fx_20260529_episode_27,base,17,1175,1265,knife_location,images/dishwasher_2_fx_20260529_episode_27__base_00017.jpg,uncertain,uncertain,0.0,0.0
dishwasher_2_fx_20260529_episode_27__base_00017,dishwasher_2_fx_20260529_episode_27,base,17,1175,1265,fork_location,images/dishwasher_2_fx_20260529_episode_27__base_00017.jpg,uncertain,uncertain,0.0,0.0
dishwasher_2_fx_20260529_episode_27__base_00017,dishwasher_2_fx_20260529_episode_27,base,17,1175,1265,plate_location,images/dishwasher_2_fx_20260529_episode_27__base_00017.jpg,right_hand,right_hand,0.95,0.95
dishwasher_2_fx_20260529_episode_27__base_00021,dishwasher_2_fx_20260529_episode_27,base,21,1410,1500,robot_location,images/dishwasher_2_fx_20260529_episode_27__base_00021.jpg,at_station,at_station,0.95,0.95
dishwasher_2_fx_20260529_episode_27__base_00021,dishwasher_2_fx_20260529_episode_27,base,21,1410,1500,door,images/dishwasher_2_fx_20260529_episode_27__base_00021.jpg,open,closing,0.95,0.9
dishwasher_2_fx_20260529_episode_27__base_00021,dishwasher_2_fx_20260529_episode_27,base,21,1410,1500,dish_rack,images/dishwasher_2_fx_20260529_episode_27__base_00021.jpg,in,in,0.9,0.9
dishwasher_2_fx_20260529_episode_27__base_00021,dishwasher_2_fx_20260529_episode_27,base,21,1410,1500,cutlery_basket,images/dishwasher_2_fx_20260529_episode_27__base_00021.jpg,uncertain,uncertain,0.0,0.0
dishwasher_2_fx_20260529_episode_27__base_00021,dishwasher_2_fx_20260529_episode_27,base,21,1410,1500,right_hand,images/dishwasher_2_fx_20260529_episode_27__base_00021.jpg,uncertain,contact_door,0.4,0.9
dishwasher_2_fx_20260529_episode_27__base_00021,dishwasher_2_fx_20260529_episode_27,base,21,1410,1500,left_hand,images/dishwasher_2_fx_20260529_episode_27__base_00021.jpg,uncertain,uncertain,0.0,0.0
dishwasher_2_fx_20260529_episode_27__base_00021,dishwasher_2_fx_20260529_episode_27,base,21,1410,1500,knife_location,images/dishwasher_2_fx_20260529_episode_27__base_00021.jpg,uncertain,uncertain,0.0,0.0
dishwasher_2_fx_20260529_episode_27__base_00021,dishwasher_2_fx_20260529_episode_27,base,21,1410,1500,fork_location,images/dishwasher_2_fx_20260529_episode_27__base_00021.jpg,uncertain,uncertain,0.0,0.0
dishwasher_2_fx_20260529_episode_27__base_00021,dishwasher_2_fx_20260529_episode_27,base,21,1410,1500,plate_location,images/dishwasher_2_fx_20260529_episode_27__base_00021.jpg,dish_rack,dish_rack,0.85,0.85
dishwasher_2_fx_20260529_episode_27__base_00024,dishwasher_2_fx_20260529_episode_27,base,24,1520,1610,robot_location,images/dishwasher_2_fx_20260529_episode_27__base_00024.jpg,at_station,at_station,0.95,0.95
dishwasher_2_fx_20260529_episode_27__base_00024,dishwasher_2_fx_20260529_episode_27,base,24,1520,1610,door,images/dishwasher_2_fx_20260529_episode_27__base_00024.jpg,open,closed,0.95,0.95
dishwasher_2_fx_20260529_episode_27__base_00024,dishwasher_2_fx_20260529_episode_27,base,24,1520,1610,dish_rack,images/dishwasher_2_fx_20260529_episode_27__base_00024.jpg,in,moving_in,0.9,0.85
dishwasher_2_fx_20260529_episode_27__base_00024,dishwasher_2_fx_20260529_episode_27,base,24,1520,1610,cutlery_basket,images/dishwasher_2_fx_20260529_episode_27__base_00024.jpg,in,uncertain,0.9,0.0
dishwasher_2_fx_20260529_episode_27__base_00024,dishwasher_2_fx_20260529_episode_27,base,24,1520,1610,right_hand,images/dishwasher_2_fx_20260529_episode_27__base_00024.jpg,contact_door,contact_door,0.95,0.95
dishwasher_2_fx_20260529_episode_27__base_00024,dishwasher_2_fx_20260529_episode_27,base,24,1520,1610,left_hand,images/dishwasher_2_fx_20260529_episode_27__base_00024.jpg,not_visible,not_visible,0.95,0.95
dishwasher_2_fx_20260529_episode_27__base_00024,dishwasher_2_fx_20260529_episode_27,base,24,1520,1610,knife_location,images/dishwasher_2_fx_20260529_episode_27__base_00024.jpg,uncertain,uncertain,0.0,0.0
dishwasher_2_fx_20260529_episode_27__base_00024,dishwasher_2_fx_20260529_episode_27,base,24,1520,1610,fork_location,images/dishwasher_2_fx_20260529_episode_27__base_00024.jpg,uncertain,uncertain,0.0,0.0
dishwasher_2_fx_20260529_episode_27__base_00024,dishwasher_2_fx_20260529_episode_27,base,24,1520,1610,plate_location,images/dishwasher_2_fx_20260529_episode_27__base_00024.jpg,uncertain,uncertain,0.0,0.0
dishwasher_2_fx_20260529_episode_27__targeted_20000,dishwasher_2_fx_20260529_episode_27,targeted,20000,86,220,door,images/dishwasher_2_fx_20260529_episode_27__targeted_20000.jpg,closing,open,0.95,0.98
dishwasher_2_fx_20260529_episode_27__targeted_20000,dishwasher_2_fx_20260529_episode_27,targeted,20000,86,220,right_hand,images/dishwasher_2_fx_20260529_episode_27__targeted_20000.jpg,contact_door,contact_door,0.95,0.98
dishwasher_2_fx_20260529_episode_27__targeted_20000,dishwasher_2_fx_20260529_episode_27,targeted,20000,86,220,left_hand,images/dishwasher_2_fx_20260529_episode_27__targeted_20000.jpg,free,free,0.95,0.95
dishwasher_2_fx_20260529_episode_27__targeted_20001,dishwasher_2_fx_20260529_episode_27,targeted,20001,220,310,dish_rack,images/dishwasher_2_fx_20260529_episode_27__targeted_20001.jpg,out,out,0.95,0.95
dishwasher_2_fx_20260529_episode_27__targeted_20001,dishwasher_2_fx_20260529_episode_27,targeted,20001,220,310,right_hand,images/dishwasher_2_fx_20260529_episode_27__targeted_20001.jpg,not_visible,contact_dish_rack,0.9,0.95
dishwasher_2_fx_20260529_episode_27__targeted_20001,dishwasher_2_fx_20260529_episode_27,targeted,20001,220,310,left_hand,images/dishwasher_2_fx_20260529_episode_27__targeted_20001.jpg,not_visible,not_visible,0.9,0.9
dishwasher_2_fx_20260529_episode_27__targeted_20002,dishwasher_2_fx_20260529_episode_27,targeted,20002,220,310,plate_location,images/dishwasher_2_fx_20260529_episode_27__targeted_20002.jpg,uncertain,uncertain,0.3,0.3
dishwasher_2_fx_20260529_episode_27__targeted_20002,dishwasher_2_fx_20260529_episode_27,targeted,20002,220,310,right_hand,images/dishwasher_2_fx_20260529_episode_27__targeted_20002.jpg,approaching,approaching,0.95,0.95
dishwasher_2_fx_20260529_episode_27__targeted_20002,dishwasher_2_fx_20260529_episode_27,targeted,20002,220,310,left_hand,images/dishwasher_2_fx_20260529_episode_27__targeted_20002.jpg,not_visible,not_visible,0.95,0.95
dishwasher_2_fx_20260529_episode_27__targeted_20003,dishwasher_2_fx_20260529_episode_27,targeted,20003,363,439,cutlery_basket,images/dishwasher_2_fx_20260529_episode_27__targeted_20003.jpg,in,in,0.95,0.95
dishwasher_2_fx_20260529_episode_27__targeted_20003,dishwasher_2_fx_20260529_episode_27,targeted,20003,363,439,right_hand,images/dishwasher_2_fx_20260529_episode_27__targeted_20003.jpg,uncertain,uncertain,0.0,0.0
dishwasher_2_fx_20260529_episode_27__targeted_20003,dishwasher_2_fx_20260529_episode_27,targeted,20003,363,439,left_hand,images/dishwasher_2_fx_20260529_episode_27__targeted_20003.jpg,uncertain,uncertain,0.0,0.0
dishwasher_2_fx_20260529_episode_27__targeted_20004,dishwasher_2_fx_20260529_episode_27,targeted,20004,510,665,cutlery_basket,images/dishwasher_2_fx_20260529_episode_27__targeted_20004.jpg,in,in,0.9,0.9
dishwasher_2_fx_20260529_episode_27__targeted_20004,dishwasher_2_fx_20260529_episode_27,targeted,20004,510,665,right_hand,images/dishwasher_2_fx_20260529_episode_27__targeted_20004.jpg,not_visible,not_visible,0.95,0.95
dishwasher_2_fx_20260529_episode_27__targeted_20004,dishwasher_2_fx_20260529_episode_27,targeted,20004,510,665,left_hand,images/dishwasher_2_fx_20260529_episode_27__targeted_20004.jpg,not_visible,not_visible,0.95,0.95
dishwasher_2_fx_20260529_episode_27__targeted_20005,dishwasher_2_fx_20260529_episode_27,targeted,20005,798,874,dish_rack,images/dishwasher_2_fx_20260529_episode_27__targeted_20005.jpg,not_visible,not_visible,0.9,0.9
dishwasher_2_fx_20260529_episode_27__targeted_20005,dishwasher_2_fx_20260529_episode_27,targeted,20005,798,874,right_hand,images/dishwasher_2_fx_20260529_episode_27__targeted_20005.jpg,uncertain,contact_dish_rack,0.3,0.95
dishwasher_2_fx_20260529_episode_27__targeted_20005,dishwasher_2_fx_20260529_episode_27,targeted,20005,798,874,left_hand,images/dishwasher_2_fx_20260529_episode_27__targeted_20005.jpg,uncertain,uncertain,0.3,0.3
dishwasher_2_fx_20260529_episode_27__targeted_20006,dishwasher_2_fx_20260529_episode_27,targeted,20006,843,919,dish_rack,images/dishwasher_2_fx_20260529_episode_27__targeted_20006.jpg,out,out,0.95,0.95
dishwasher_2_fx_20260529_episode_27__targeted_20006,dishwasher_2_fx_20260529_episode_27,targeted,20006,843,919,right_hand,images/dishwasher_2_fx_20260529_episode_27__targeted_20006.jpg,approaching,contact_dish_rack,0.9,0.95
dishwasher_2_fx_20260529_episode_27__targeted_20006,dishwasher_2_fx_20260529_episode_27,targeted,20006,843,919,left_hand,images/dishwasher_2_fx_20260529_episode_27__targeted_20006.jpg,not_visible,not_visible,0.95,0.95
dishwasher_2_fx_20260529_episode_27__targeted_20007,dishwasher_2_fx_20260529_episode_27,targeted,20007,932,1082,cutlery_basket,images/dishwasher_2_fx_20260529_episode_27__targeted_20007.jpg,moving_in,in,0.95,0.95
dishwasher_2_fx_20260529_episode_27__targeted_20007,dishwasher_2_fx_20260529_episode_27,targeted,20007,932,1082,right_hand,images/dishwasher_2_fx_20260529_episode_27__targeted_20007.jpg,pushing_cutlery_basket,free,0.95,0.9
dishwasher_2_fx_20260529_episode_27__targeted_20007,dishwasher_2_fx_20260529_episode_27,targeted,20007,932,1082,left_hand,images/dishwasher_2_fx_20260529_episode_27__targeted_20007.jpg,not_visible,not_visible,0.9,0.9
